[
    {
        "deviceId": "polar_cam_0001",
        "latitude": 75.401451,
        "longitude": -95.722518,
        "key": "JbrPZEPfwUNKE6BXUeZCQEkpDeUwJ8eLBYGU1nENEIo="
    },
    {
        "deviceId": "polar_cam_0002",
        "latitude": 75.027715,
        "longitude": -96.041859,
        "key": "kJguY9qAPxtgHIhQxxCe3SGC/Oe5JFzqw4+k8a5XVG8="
    },
    {
        "deviceId": "polar_cam_0003",
        "latitude": 74.996653,
        "longitude": -96.60178,
        "key": "xbA3EVJXYeKYapcrTx7VOUobWjFDuB7jL9r2VkAdAWc="
    },
    {
        "deviceId": "polar_cam_0004",
        "latitude": 75.247701,
        "longitude": -96.074436,
        "key": "HhBwg+EdQ0q0PJsOz0MyirNCtSZIG40ukdg7uMSluGc="
    },
    {
        "deviceId": "polar_cam_0005",
        "latitude": 75.044926,
        "longitude": -93.651951,
        "key": "dTEnI3OcEu38BBvGFisDBF82ZXWItrraKjJmeGvxff0="
    },
    {
        "deviceId": "polar_cam_0006",
        "latitude": 75.601571,
        "longitude": -95.294407,
        "key": "DLY+1xOcLCD8SzDURzJ+rv47OhZDeEpdLuKP7AUjFQ8="
    },
    {
        "deviceId": "polar_cam_0007",
        "latitude": 74.763102,
        "longitude": -95.09116,
        "key": "vswBkPHj9gynjaOYhvFf/81PH+O6ZzbBia10ZIi13dY="
    },
    {
        "deviceId": "polar_cam_0008",
        "latitude": 75.473988,
        "longitude": -94.069432,
        "key": "IpDLmDQ308b93jo167r6Om1CKmxl5sI9WP+LcS2Xwk4="
    },
    {
        "deviceId": "polar_cam_0009",
        "latitude": 75.232307,
        "longitude": -96.277683,
        "key": "ggfnmZ4ReOA+x3DPe2ejcItqM0FnTon2LIVicbfYtVU="
    },
    {
        "deviceId": "polar_cam_0010",
        "latitude": 74.658811,
        "longitude": -93.783787,
        "key": "fKHA/mJZA3F9XDehEqWJ1TQQdaZU+bmq47Dg1kLaIqg="
    }
]