{
	"info": {
		"_postman_id": "356cd7a5-9d6c-4d82-9647-fc7782c32cc4",
		"name": "CognitiveServices",
		"schema": "https://schema.getpostman.com/json/collection/v2.1.0/collection.json"
	},
	"item": [
		{
			"name": "polorbeardata",
			"request": {
				"method": "POST",
				"header": [],
				"body": {
					"mode": "raw",
					"raw": "[{\"deviceId\":\"polar_cam_0002\",\"latitude\":75.027715,\"longitude\":-96.041859,\"url\":\"https://polarbearstorageblgorman.blob.core.windows.net/photos/image_12.jpg\",\"timestamp\":\"2020-06-19T19:01:19.7Z\"},{\"deviceId\":\"polar_cam_0002\",\"latitude\":75.027715,\"longitude\":-96.041859,\"url\":\"https://polarbearstorageblgorman.blob.core.windows.net/photos/image_16.jpg\",\"timestamp\":\"2020-06-19T19:00:56.404Z\"}]"
				},
				"url": {
					"raw": "http://localhost:7071/api/AggregatePolarBears",
					"protocol": "http",
					"host": [
						"localhost"
					],
					"port": "7071",
					"path": [
						"api",
						"AggregatePolarBears"
					]
				},
				"description": "http://localhost:7071/api/AggregatePolarBears"
			},
			"response": []
		}
	],
	"protocolProfileBehavior": {}
}