[
    {
        "deviceId":"polar_cam_0002"
        ,"latitude":75.027715
        ,"longitude":-96.041859
        ,"url":"https://polarbearstorageblgorman.blob.core.windows.net/photos/image_12.jpg"
        ,"timestamp":"2020-06-19T19:01:19.7Z"
    }
    ,{
        "deviceId":"polar_cam_0002"
        ,"latitude":75.027715
        ,"longitude":-96.041859
        ,"url":"https://polarbearstorageblgorman.blob.core.windows.net/photos/image_16.jpg"
        ,"timestamp":"2020-06-19T19:00:56.404Z"
    }
]