[
    {
        "deviceId": "polar_cam_0003",
        "latitude": 74.996653,
        "longitude": -96.60178,
        "url": "https://streaminglabstorage.blob.core.windows.net/photos/image_09.jpg",
        "timestamp": "2017-12-22T19:00:18.000Z",
        "EventProcessedUtcTime": "2017-12-22T19:04:35.2124006Z",
        "PartitionId": 1,
        "EventEnqueuedUtcTime": "2017-12-22T19:00:17.6720000Z",
        "IoTHub": {
            "MessageId": null,
            "CorrelationId": null,
            "ConnectionDeviceId": "polar_cam_0003",
            "ConnectionDeviceGenerationId": "636494537606587154",
            "EnqueuedTime": "2017-12-22T19:00:17.0710000Z",
            "StreamId": null
        }
    },
    {
        "deviceId": "polar_cam_0001",
        "latitude": 75.401451,
        "longitude": -95.722518,
        "url": "https://streaminglabstorage.blob.core.windows.net/photos/image_02.jpg",
        "timestamp": "2017-12-22T19:00:18.000Z",
        "EventProcessedUtcTime": "2017-12-22T19:04:35.2280578Z",
        "PartitionId": 1,
        "EventEnqueuedUtcTime": "2017-12-22T19:00:17.6880000Z",
        "IoTHub": {
            "MessageId": null,
            "CorrelationId": null,
            "ConnectionDeviceId": "polar_cam_0001",
            "ConnectionDeviceGenerationId": "636494537606743495",
            "EnqueuedTime": "2017-12-22T19:00:17.6420000Z",
            "StreamId": null
        }
    },
    {
        "deviceId": "polar_cam_0010",
        "latitude": 74.658811,
        "longitude": -93.783787,
        "url": "https://streaminglabstorage.blob.core.windows.net/photos/image_04.jpg",
        "timestamp": "2017-12-22T19:00:19.000Z",
        "EventProcessedUtcTime": "2017-12-22T19:04:35.2124006Z",
        "PartitionId": 0,
        "EventEnqueuedUtcTime": "2017-12-22T19:00:19.0690000Z",
        "IoTHub": {
            "MessageId": null,
            "CorrelationId": null,
            "ConnectionDeviceId": "polar_cam_0010",
            "ConnectionDeviceGenerationId": "636494537606587154",
            "EnqueuedTime": "2017-12-22T19:00:19.0320000Z",
            "StreamId": null
        }
    },
    {
        "deviceId": "polar_cam_0008",
        "latitude": 75.473988,
        "longitude": -94.069432,
        "url": "https://streaminglabstorage.blob.core.windows.net/photos/image_14.jpg",
        "timestamp": "2017-12-22T19:00:19.000Z",
        "EventProcessedUtcTime": "2017-12-22T19:04:35.2280578Z",
        "PartitionId": 1,
        "EventEnqueuedUtcTime": "2017-12-22T19:00:19.3760000Z",
        "IoTHub": {
            "MessageId": null,
            "CorrelationId": null,
            "ConnectionDeviceId": "polar_cam_0008",
            "ConnectionDeviceGenerationId": "636494537606743495",
            "EnqueuedTime": "2017-12-22T19:00:19.4930000Z",
            "StreamId": null
        }
    },
    {
        "deviceId": "polar_cam_0002",
        "latitude": 75.027715,
        "longitude": -96.041859,
        "url": "https://streaminglabstorage.blob.core.windows.net/photos/image_06.jpg",
        "timestamp": "2017-12-22T19:00:22.000Z",
        "EventProcessedUtcTime": "2017-12-22T19:04:35.2124006Z",
        "PartitionId": 0,
        "EventEnqueuedUtcTime": "2017-12-22T19:00:21.8810000Z",
        "IoTHub": {
            "MessageId": null,
            "CorrelationId": null,
            "ConnectionDeviceId": "polar_cam_0002",
            "ConnectionDeviceGenerationId": "636494537606587154",
            "EnqueuedTime": "2017-12-22T19:00:22.0970000Z",
            "StreamId": null
        }
    },
    {
        "deviceId": "polar_cam_0004",
        "latitude": 75.247701,
        "longitude": -96.074436,
        "url": "https://streaminglabstorage.blob.core.windows.net/photos/image_04.jpg",
        "timestamp": "2017-12-22T19:00:26.000Z",
        "EventProcessedUtcTime": "2017-12-22T19:04:35.2124006Z",
        "PartitionId": 0,
        "EventEnqueuedUtcTime": "2017-12-22T19:00:26.4240000Z",
        "IoTHub": {
            "MessageId": null,
            "CorrelationId": null,
            "ConnectionDeviceId": "polar_cam_0004",
            "ConnectionDeviceGenerationId": "636494537606743495",
            "EnqueuedTime": "2017-12-22T19:00:26.2640000Z",
            "StreamId": null
        }
    },
    {
        "deviceId": "polar_cam_0006",
        "latitude": 75.601571,
        "longitude": -95.294407,
        "url": "https://streaminglabstorage.blob.core.windows.net/photos/image_30.jpg",
        "timestamp": "2017-12-22T19:00:28.000Z",
        "EventProcessedUtcTime": "2017-12-22T19:04:35.2124006Z",
        "PartitionId": 0,
        "EventEnqueuedUtcTime": "2017-12-22T19:00:27.7060000Z",
        "IoTHub": {
            "MessageId": null,
            "CorrelationId": null,
            "ConnectionDeviceId": "polar_cam_0006",
            "ConnectionDeviceGenerationId": "636494537606587154",
            "EnqueuedTime": "2017-12-22T19:00:27.9190000Z",
            "StreamId": null
        }
    },
    {
        "deviceId": "polar_cam_0007",
        "latitude": 74.763102,
        "longitude": -95.09116,
        "url": "https://streaminglabstorage.blob.core.windows.net/photos/image_20.jpg",
        "timestamp": "2017-12-22T19:00:29.000Z",
        "EventProcessedUtcTime": "2017-12-22T19:04:35.2280578Z",
        "PartitionId": 1,
        "EventEnqueuedUtcTime": "2017-12-22T19:00:29.0310000Z",
        "IoTHub": {
            "MessageId": null,
            "CorrelationId": null,
            "ConnectionDeviceId": "polar_cam_0007",
            "ConnectionDeviceGenerationId": "636494537606587154",
            "EnqueuedTime": "2017-12-22T19:00:28.4300000Z",
            "StreamId": null
        }
    },
    {
        "deviceId": "polar_cam_0009",
        "latitude": 75.232307,
        "longitude": -96.277683,
        "url": "https://streaminglabstorage.blob.core.windows.net/photos/image_30.jpg",
        "timestamp": "2017-12-22T19:00:32.000Z",
        "EventProcessedUtcTime": "2017-12-22T19:04:35.2280578Z",
        "PartitionId": 1,
        "EventEnqueuedUtcTime": "2017-12-22T19:00:31.8280000Z",
        "IoTHub": {
            "MessageId": null,
            "CorrelationId": null,
            "ConnectionDeviceId": "polar_cam_0009",
            "ConnectionDeviceGenerationId": "636494537606587154",
            "EnqueuedTime": "2017-12-22T19:00:31.6520000Z",
            "StreamId": null
        }
    },
    {
        "deviceId": "polar_cam_0001",
        "latitude": 75.401451,
        "longitude": -95.722518,
        "url": "https://streaminglabstorage.blob.core.windows.net/photos/image_02.jpg",
        "timestamp": "2017-12-22T19:00:34.000Z",
        "EventProcessedUtcTime": "2017-12-22T19:04:35.2280578Z",
        "PartitionId": 1,
        "EventEnqueuedUtcTime": "2017-12-22T19:00:34.1870000Z",
        "IoTHub": {
            "MessageId": null,
            "CorrelationId": null,
            "ConnectionDeviceId": "polar_cam_0001",
            "ConnectionDeviceGenerationId": "636494537606743495",
            "EnqueuedTime": "2017-12-22T19:00:34.1460000Z",
            "StreamId": null
        }
    },
    {
        "deviceId": "polar_cam_0004",
        "latitude": 75.247701,
        "longitude": -96.074436,
        "url": "https://streaminglabstorage.blob.core.windows.net/photos/image_14.jpg",
        "timestamp": "2017-12-22T19:00:37.000Z",
        "EventProcessedUtcTime": "2017-12-22T19:04:35.2124006Z",
        "PartitionId": 0,
        "EventEnqueuedUtcTime": "2017-12-22T19:00:37.0830000Z",
        "IoTHub": {
            "MessageId": null,
            "CorrelationId": null,
            "ConnectionDeviceId": "polar_cam_0004",
            "ConnectionDeviceGenerationId": "636494537606743495",
            "EnqueuedTime": "2017-12-22T19:00:36.9200000Z",
            "StreamId": null
        }
    },
    {
        "deviceId": "polar_cam_0005",
        "latitude": 75.044926,
        "longitude": -93.651951,
        "url": "https://streaminglabstorage.blob.core.windows.net/photos/image_06.jpg",
        "timestamp": "2017-12-22T19:00:40.000Z",
        "EventProcessedUtcTime": "2017-12-22T19:04:35.2280578Z",
        "PartitionId": 1,
        "EventEnqueuedUtcTime": "2017-12-22T19:00:40.1520000Z",
        "IoTHub": {
            "MessageId": null,
            "CorrelationId": null,
            "ConnectionDeviceId": "polar_cam_0005",
            "ConnectionDeviceGenerationId": "636494537606743495",
            "EnqueuedTime": "2017-12-22T19:00:40.2590000Z",
            "StreamId": null
        }
    },
    {
        "deviceId": "polar_cam_0006",
        "latitude": 75.601571,
        "longitude": -95.294407,
        "url": "https://streaminglabstorage.blob.core.windows.net/photos/image_25.jpg",
        "timestamp": "2017-12-22T19:00:40.000Z",
        "EventProcessedUtcTime": "2017-12-22T19:04:35.2124006Z",
        "PartitionId": 0,
        "EventEnqueuedUtcTime": "2017-12-22T19:00:40.3980000Z",
        "IoTHub": {
            "MessageId": null,
            "CorrelationId": null,
            "ConnectionDeviceId": "polar_cam_0006",
            "ConnectionDeviceGenerationId": "636494537606587154",
            "EnqueuedTime": "2017-12-22T19:00:40.5980000Z",
            "StreamId": null
        }
    },
    {
        "deviceId": "polar_cam_0008",
        "latitude": 75.473988,
        "longitude": -94.069432,
        "url": "https://streaminglabstorage.blob.core.windows.net/photos/image_07.jpg",
        "timestamp": "2017-12-22T19:00:41.000Z",
        "EventProcessedUtcTime": "2017-12-22T19:04:35.2280578Z",
        "PartitionId": 1,
        "EventEnqueuedUtcTime": "2017-12-22T19:00:40.6210000Z",
        "IoTHub": {
            "MessageId": null,
            "CorrelationId": null,
            "ConnectionDeviceId": "polar_cam_0008",
            "ConnectionDeviceGenerationId": "636494537606743495",
            "EnqueuedTime": "2017-12-22T19:00:40.7280000Z",
            "StreamId": null
        }
    },
    {
        "deviceId": "polar_cam_0003",
        "latitude": 74.996653,
        "longitude": -96.60178,
        "url": "https://streaminglabstorage.blob.core.windows.net/photos/image_12.jpg",
        "timestamp": "2017-12-22T19:00:44.000Z",
        "EventProcessedUtcTime": "2017-12-22T19:04:35.2280578Z",
        "PartitionId": 1,
        "EventEnqueuedUtcTime": "2017-12-22T19:00:44.0740000Z",
        "IoTHub": {
            "MessageId": null,
            "CorrelationId": null,
            "ConnectionDeviceId": "polar_cam_0003",
            "ConnectionDeviceGenerationId": "636494537606587154",
            "EnqueuedTime": "2017-12-22T19:00:43.4760000Z",
            "StreamId": null
        }
    },
    {
        "deviceId": "polar_cam_0002",
        "latitude": 75.027715,
        "longitude": -96.041859,
        "url": "https://streaminglabstorage.blob.core.windows.net/photos/image_12.jpg",
        "timestamp": "2017-12-22T19:00:45.000Z",
        "EventProcessedUtcTime": "2017-12-22T19:04:35.2124006Z",
        "PartitionId": 0,
        "EventEnqueuedUtcTime": "2017-12-22T19:00:44.7580000Z",
        "IoTHub": {
            "MessageId": null,
            "CorrelationId": null,
            "ConnectionDeviceId": "polar_cam_0002",
            "ConnectionDeviceGenerationId": "636494537606587154",
            "EnqueuedTime": "2017-12-22T19:00:44.9630000Z",
            "StreamId": null
        }
    },
    {
        "deviceId": "polar_cam_0010",
        "latitude": 74.658811,
        "longitude": -93.783787,
        "url": "https://streaminglabstorage.blob.core.windows.net/photos/image_26.jpg",
        "timestamp": "2017-12-22T19:00:45.000Z",
        "EventProcessedUtcTime": "2017-12-22T19:04:35.2124006Z",
        "PartitionId": 0,
        "EventEnqueuedUtcTime": "2017-12-22T19:00:45.0710000Z",
        "IoTHub": {
            "MessageId": null,
            "CorrelationId": null,
            "ConnectionDeviceId": "polar_cam_0010",
            "ConnectionDeviceGenerationId": "636494537606587154",
            "EnqueuedTime": "2017-12-22T19:00:45.0420000Z",
            "StreamId": null
        }
    },
    {
        "deviceId": "polar_cam_0009",
        "latitude": 75.232307,
        "longitude": -96.277683,
        "url": "https://streaminglabstorage.blob.core.windows.net/photos/image_05.jpg",
        "timestamp": "2017-12-22T19:00:46.000Z",
        "EventProcessedUtcTime": "2017-12-22T19:04:35.2280578Z",
        "PartitionId": 1,
        "EventEnqueuedUtcTime": "2017-12-22T19:00:45.7310000Z",
        "IoTHub": {
            "MessageId": null,
            "CorrelationId": null,
            "ConnectionDeviceId": "polar_cam_0009",
            "ConnectionDeviceGenerationId": "636494537606587154",
            "EnqueuedTime": "2017-12-22T19:00:45.5620000Z",
            "StreamId": null
        }
    },
    {
        "deviceId": "polar_cam_0004",
        "latitude": 75.247701,
        "longitude": -96.074436,
        "url": "https://streaminglabstorage.blob.core.windows.net/photos/image_09.jpg",
        "timestamp": "2017-12-22T19:00:46.000Z",
        "EventProcessedUtcTime": "2017-12-22T19:04:35.2124006Z",
        "PartitionId": 0,
        "EventEnqueuedUtcTime": "2017-12-22T19:00:46.5480000Z",
        "IoTHub": {
            "MessageId": null,
            "CorrelationId": null,
            "ConnectionDeviceId": "polar_cam_0004",
            "ConnectionDeviceGenerationId": "636494537606743495",
            "EnqueuedTime": "2017-12-22T19:00:46.3750000Z",
            "StreamId": null
        }
    },
    {
        "deviceId": "polar_cam_0003",
        "latitude": 74.996653,
        "longitude": -96.60178,
        "url": "https://streaminglabstorage.blob.core.windows.net/photos/image_03.jpg",
        "timestamp": "2017-12-22T19:00:51.000Z",
        "EventProcessedUtcTime": "2017-12-22T19:04:35.2280578Z",
        "PartitionId": 1,
        "EventEnqueuedUtcTime": "2017-12-22T19:00:51.0140000Z",
        "IoTHub": {
            "MessageId": null,
            "CorrelationId": null,
            "ConnectionDeviceId": "polar_cam_0003",
            "ConnectionDeviceGenerationId": "636494537606587154",
            "EnqueuedTime": "2017-12-22T19:00:50.4300000Z",
            "StreamId": null
        }
    },
    {
        "deviceId": "polar_cam_0008",
        "latitude": 75.473988,
        "longitude": -94.069432,
        "url": "https://streaminglabstorage.blob.core.windows.net/photos/image_20.jpg",
        "timestamp": "2017-12-22T19:00:52.000Z",
        "EventProcessedUtcTime": "2017-12-22T19:04:35.2280578Z",
        "PartitionId": 1,
        "EventEnqueuedUtcTime": "2017-12-22T19:00:52.2640000Z",
        "IoTHub": {
            "MessageId": null,
            "CorrelationId": null,
            "ConnectionDeviceId": "polar_cam_0008",
            "ConnectionDeviceGenerationId": "636494537606743495",
            "EnqueuedTime": "2017-12-22T19:00:52.3770000Z",
            "StreamId": null
        }
    },
    {
        "deviceId": "polar_cam_0009",
        "latitude": 75.232307,
        "longitude": -96.277683,
        "url": "https://streaminglabstorage.blob.core.windows.net/photos/image_27.jpg",
        "timestamp": "2017-12-22T19:00:52.000Z",
        "EventProcessedUtcTime": "2017-12-22T19:04:35.2280578Z",
        "PartitionId": 1,
        "EventEnqueuedUtcTime": "2017-12-22T19:00:52.5610000Z",
        "IoTHub": {
            "MessageId": null,
            "CorrelationId": null,
            "ConnectionDeviceId": "polar_cam_0009",
            "ConnectionDeviceGenerationId": "636494537606587154",
            "EnqueuedTime": "2017-12-22T19:00:52.4060000Z",
            "StreamId": null
        }
    },
    {
        "deviceId": "polar_cam_0001",
        "latitude": 75.401451,
        "longitude": -95.722518,
        "url": "https://streaminglabstorage.blob.core.windows.net/photos/image_26.jpg",
        "timestamp": "2017-12-22T19:00:54.000Z",
        "EventProcessedUtcTime": "2017-12-22T19:04:35.2280578Z",
        "PartitionId": 1,
        "EventEnqueuedUtcTime": "2017-12-22T19:00:54.0460000Z",
        "IoTHub": {
            "MessageId": null,
            "CorrelationId": null,
            "ConnectionDeviceId": "polar_cam_0001",
            "ConnectionDeviceGenerationId": "636494537606743495",
            "EnqueuedTime": "2017-12-22T19:00:54.0050000Z",
            "StreamId": null
        }
    },
    {
        "deviceId": "polar_cam_0007",
        "latitude": 74.763102,
        "longitude": -95.09116,
        "url": "https://streaminglabstorage.blob.core.windows.net/photos/image_20.jpg",
        "timestamp": "2017-12-22T19:00:59.000Z",
        "EventProcessedUtcTime": "2017-12-22T19:04:35.2280578Z",
        "PartitionId": 1,
        "EventEnqueuedUtcTime": "2017-12-22T19:00:58.7190000Z",
        "IoTHub": {
            "MessageId": null,
            "CorrelationId": null,
            "ConnectionDeviceId": "polar_cam_0007",
            "ConnectionDeviceGenerationId": "636494537606587154",
            "EnqueuedTime": "2017-12-22T19:00:58.1170000Z",
            "StreamId": null
        }
    },
    {
        "deviceId": "polar_cam_0006",
        "latitude": 75.601571,
        "longitude": -95.294407,
        "url": "https://streaminglabstorage.blob.core.windows.net/photos/image_24.jpg",
        "timestamp": "2017-12-22T19:01:00.000Z",
        "EventProcessedUtcTime": "2017-12-22T19:04:35.2124006Z",
        "PartitionId": 0,
        "EventEnqueuedUtcTime": "2017-12-22T19:00:59.6870000Z",
        "IoTHub": {
            "MessageId": null,
            "CorrelationId": null,
            "ConnectionDeviceId": "polar_cam_0006",
            "ConnectionDeviceGenerationId": "636494537606587154",
            "EnqueuedTime": "2017-12-22T19:00:59.9050000Z",
            "StreamId": null
        }
    },
    {
        "deviceId": "polar_cam_0010",
        "latitude": 74.658811,
        "longitude": -93.783787,
        "url": "https://streaminglabstorage.blob.core.windows.net/photos/image_13.jpg",
        "timestamp": "2017-12-22T19:01:00.000Z",
        "EventProcessedUtcTime": "2017-12-22T19:04:35.2124006Z",
        "PartitionId": 0,
        "EventEnqueuedUtcTime": "2017-12-22T19:01:00.4840000Z",
        "IoTHub": {
            "MessageId": null,
            "CorrelationId": null,
            "ConnectionDeviceId": "polar_cam_0010",
            "ConnectionDeviceGenerationId": "636494537606587154",
            "EnqueuedTime": "2017-12-22T19:01:00.4430000Z",
            "StreamId": null
        }
    },
    {
        "deviceId": "polar_cam_0005",
        "latitude": 75.044926,
        "longitude": -93.651951,
        "url": "https://streaminglabstorage.blob.core.windows.net/photos/image_14.jpg",
        "timestamp": "2017-12-22T19:01:07.000Z",
        "EventProcessedUtcTime": "2017-12-22T19:04:35.2280578Z",
        "PartitionId": 1,
        "EventEnqueuedUtcTime": "2017-12-22T19:01:06.9900000Z",
        "IoTHub": {
            "MessageId": null,
            "CorrelationId": null,
            "ConnectionDeviceId": "polar_cam_0005",
            "ConnectionDeviceGenerationId": "636494537606743495",
            "EnqueuedTime": "2017-12-22T19:01:07.1150000Z",
            "StreamId": null
        }
    },
    {
        "deviceId": "polar_cam_0008",
        "latitude": 75.473988,
        "longitude": -94.069432,
        "url": "https://streaminglabstorage.blob.core.windows.net/photos/image_01.jpg",
        "timestamp": "2017-12-22T19:01:07.000Z",
        "EventProcessedUtcTime": "2017-12-22T19:04:35.2280578Z",
        "PartitionId": 1,
        "EventEnqueuedUtcTime": "2017-12-22T19:01:07.4750000Z",
        "IoTHub": {
            "MessageId": null,
            "CorrelationId": null,
            "ConnectionDeviceId": "polar_cam_0008",
            "ConnectionDeviceGenerationId": "636494537606743495",
            "EnqueuedTime": "2017-12-22T19:01:07.5960000Z",
            "StreamId": null
        }
    },
    {
        "deviceId": "polar_cam_0003",
        "latitude": 74.996653,
        "longitude": -96.60178,
        "url": "https://streaminglabstorage.blob.core.windows.net/photos/image_04.jpg",
        "timestamp": "2017-12-22T19:01:07.000Z",
        "EventProcessedUtcTime": "2017-12-22T19:04:35.2280578Z",
        "PartitionId": 1,
        "EventEnqueuedUtcTime": "2017-12-22T19:01:07.5210000Z",
        "IoTHub": {
            "MessageId": null,
            "CorrelationId": null,
            "ConnectionDeviceId": "polar_cam_0003",
            "ConnectionDeviceGenerationId": "636494537606587154",
            "EnqueuedTime": "2017-12-22T19:01:06.9310000Z",
            "StreamId": null
        }
    },
    {
        "deviceId": "polar_cam_0002",
        "latitude": 75.027715,
        "longitude": -96.041859,
        "url": "https://streaminglabstorage.blob.core.windows.net/photos/image_28.jpg",
        "timestamp": "2017-12-22T19:01:08.000Z",
        "EventProcessedUtcTime": "2017-12-22T19:04:35.2124006Z",
        "PartitionId": 0,
        "EventEnqueuedUtcTime": "2017-12-22T19:01:07.7770000Z",
        "IoTHub": {
            "MessageId": null,
            "CorrelationId": null,
            "ConnectionDeviceId": "polar_cam_0002",
            "ConnectionDeviceGenerationId": "636494537606587154",
            "EnqueuedTime": "2017-12-22T19:01:07.9830000Z",
            "StreamId": null
        }
    },
    {
        "deviceId": "polar_cam_0001",
        "latitude": 75.401451,
        "longitude": -95.722518,
        "url": "https://streaminglabstorage.blob.core.windows.net/photos/image_18.jpg",
        "timestamp": "2017-12-22T19:01:15.000Z",
        "EventProcessedUtcTime": "2017-12-22T19:04:35.2280578Z",
        "PartitionId": 1,
        "EventEnqueuedUtcTime": "2017-12-22T19:01:14.6130000Z",
        "IoTHub": {
            "MessageId": null,
            "CorrelationId": null,
            "ConnectionDeviceId": "polar_cam_0001",
            "ConnectionDeviceGenerationId": "636494537606743495",
            "EnqueuedTime": "2017-12-22T19:01:14.5690000Z",
            "StreamId": null
        }
    },
    {
        "deviceId": "polar_cam_0008",
        "latitude": 75.473988,
        "longitude": -94.069432,
        "url": "https://streaminglabstorage.blob.core.windows.net/photos/image_28.jpg",
        "timestamp": "2017-12-22T19:01:15.000Z",
        "EventProcessedUtcTime": "2017-12-22T19:04:35.2280578Z",
        "PartitionId": 1,
        "EventEnqueuedUtcTime": "2017-12-22T19:01:14.7850000Z",
        "IoTHub": {
            "MessageId": null,
            "CorrelationId": null,
            "ConnectionDeviceId": "polar_cam_0008",
            "ConnectionDeviceGenerationId": "636494537606743495",
            "EnqueuedTime": "2017-12-22T19:01:14.8950000Z",
            "StreamId": null
        }
    },
    {
        "deviceId": "polar_cam_0006",
        "latitude": 75.601571,
        "longitude": -95.294407,
        "url": "https://streaminglabstorage.blob.core.windows.net/photos/image_13.jpg",
        "timestamp": "2017-12-22T19:02:39.000Z",
        "EventProcessedUtcTime": "2017-12-22T19:04:35.2124006Z",
        "PartitionId": 0,
        "EventEnqueuedUtcTime": "2017-12-22T19:02:39.4390000Z",
        "IoTHub": {
            "MessageId": null,
            "CorrelationId": null,
            "ConnectionDeviceId": "polar_cam_0006",
            "ConnectionDeviceGenerationId": "636494537606587154",
            "EnqueuedTime": "2017-12-22T19:02:39.5510000Z",
            "StreamId": null
        }
    },
    {
        "deviceId": "polar_cam_0009",
        "latitude": 75.232307,
        "longitude": -96.277683,
        "url": "https://streaminglabstorage.blob.core.windows.net/photos/image_22.jpg",
        "timestamp": "2017-12-22T19:02:40.000Z",
        "EventProcessedUtcTime": "2017-12-22T19:04:35.2280578Z",
        "PartitionId": 1,
        "EventEnqueuedUtcTime": "2017-12-22T19:02:40.5570000Z",
        "IoTHub": {
            "MessageId": null,
            "CorrelationId": null,
            "ConnectionDeviceId": "polar_cam_0009",
            "ConnectionDeviceGenerationId": "636494537606587154",
            "EnqueuedTime": "2017-12-22T19:02:39.9520000Z",
            "StreamId": null
        }
    },
    {
        "deviceId": "polar_cam_0007",
        "latitude": 74.763102,
        "longitude": -95.09116,
        "url": "https://streaminglabstorage.blob.core.windows.net/photos/image_11.jpg",
        "timestamp": "2017-12-22T19:02:42.000Z",
        "EventProcessedUtcTime": "2017-12-22T19:04:35.2280578Z",
        "PartitionId": 1,
        "EventEnqueuedUtcTime": "2017-12-22T19:02:41.8540000Z",
        "IoTHub": {
            "MessageId": null,
            "CorrelationId": null,
            "ConnectionDeviceId": "polar_cam_0007",
            "ConnectionDeviceGenerationId": "636494537606587154",
            "EnqueuedTime": "2017-12-22T19:02:41.8040000Z",
            "StreamId": null
        }
    },
    {
        "deviceId": "polar_cam_0004",
        "latitude": 75.247701,
        "longitude": -96.074436,
        "url": "https://streaminglabstorage.blob.core.windows.net/photos/image_01.jpg",
        "timestamp": "2017-12-22T19:02:44.000Z",
        "EventProcessedUtcTime": "2017-12-22T19:04:35.2124006Z",
        "PartitionId": 0,
        "EventEnqueuedUtcTime": "2017-12-22T19:02:44.0480000Z",
        "IoTHub": {
            "MessageId": null,
            "CorrelationId": null,
            "ConnectionDeviceId": "polar_cam_0004",
            "ConnectionDeviceGenerationId": "636494537606743495",
            "EnqueuedTime": "2017-12-22T19:02:44.1600000Z",
            "StreamId": null
        }
    },
    {
        "deviceId": "polar_cam_0005",
        "latitude": 75.044926,
        "longitude": -93.651951,
        "url": "https://streaminglabstorage.blob.core.windows.net/photos/image_20.jpg",
        "timestamp": "2017-12-22T19:02:45.000Z",
        "EventProcessedUtcTime": "2017-12-22T19:04:35.2280578Z",
        "PartitionId": 1,
        "EventEnqueuedUtcTime": "2017-12-22T19:02:44.7940000Z",
        "IoTHub": {
            "MessageId": null,
            "CorrelationId": null,
            "ConnectionDeviceId": "polar_cam_0005",
            "ConnectionDeviceGenerationId": "636494537606743495",
            "EnqueuedTime": "2017-12-22T19:02:44.9100000Z",
            "StreamId": null
        }
    },
    {
        "deviceId": "polar_cam_0001",
        "latitude": 75.401451,
        "longitude": -95.722518,
        "url": "https://streaminglabstorage.blob.core.windows.net/photos/image_28.jpg",
        "timestamp": "2017-12-22T19:02:54.000Z",
        "EventProcessedUtcTime": "2017-12-22T19:04:35.2280578Z",
        "PartitionId": 1,
        "EventEnqueuedUtcTime": "2017-12-22T19:02:53.7330000Z",
        "IoTHub": {
            "MessageId": null,
            "CorrelationId": null,
            "ConnectionDeviceId": "polar_cam_0001",
            "ConnectionDeviceGenerationId": "636494537606743495",
            "EnqueuedTime": "2017-12-22T19:02:53.1440000Z",
            "StreamId": null
        }
    },
    {
        "deviceId": "polar_cam_0010",
        "latitude": 74.658811,
        "longitude": -93.783787,
        "url": "https://streaminglabstorage.blob.core.windows.net/photos/image_02.jpg",
        "timestamp": "2017-12-22T19:02:54.000Z",
        "EventProcessedUtcTime": "2017-12-22T19:04:35.2124006Z",
        "PartitionId": 0,
        "EventEnqueuedUtcTime": "2017-12-22T19:02:54.3840000Z",
        "IoTHub": {
            "MessageId": null,
            "CorrelationId": null,
            "ConnectionDeviceId": "polar_cam_0010",
            "ConnectionDeviceGenerationId": "636494537606587154",
            "EnqueuedTime": "2017-12-22T19:02:54.5990000Z",
            "StreamId": null
        }
    },
    {
        "deviceId": "polar_cam_0005",
        "latitude": 75.044926,
        "longitude": -93.651951,
        "url": "https://streaminglabstorage.blob.core.windows.net/photos/image_29.jpg",
        "timestamp": "2017-12-22T19:02:56.000Z",
        "EventProcessedUtcTime": "2017-12-22T19:04:35.2280578Z",
        "PartitionId": 1,
        "EventEnqueuedUtcTime": "2017-12-22T19:02:56.5930000Z",
        "IoTHub": {
            "MessageId": null,
            "CorrelationId": null,
            "ConnectionDeviceId": "polar_cam_0005",
            "ConnectionDeviceGenerationId": "636494537606743495",
            "EnqueuedTime": "2017-12-22T19:02:56.7190000Z",
            "StreamId": null
        }
    },
    {
        "deviceId": "polar_cam_0008",
        "latitude": 75.473988,
        "longitude": -94.069432,
        "url": "https://streaminglabstorage.blob.core.windows.net/photos/image_26.jpg",
        "timestamp": "2017-12-22T19:02:58.000Z",
        "EventProcessedUtcTime": "2017-12-22T19:04:35.2280578Z",
        "PartitionId": 1,
        "EventEnqueuedUtcTime": "2017-12-22T19:02:58.0820000Z",
        "IoTHub": {
            "MessageId": null,
            "CorrelationId": null,
            "ConnectionDeviceId": "polar_cam_0008",
            "ConnectionDeviceGenerationId": "636494537606743495",
            "EnqueuedTime": "2017-12-22T19:02:57.9080000Z",
            "StreamId": null
        }
    },
    {
        "deviceId": "polar_cam_0002",
        "latitude": 75.027715,
        "longitude": -96.041859,
        "url": "https://streaminglabstorage.blob.core.windows.net/photos/image_05.jpg",
        "timestamp": "2017-12-22T19:02:58.000Z",
        "EventProcessedUtcTime": "2017-12-22T19:04:35.2124006Z",
        "PartitionId": 0,
        "EventEnqueuedUtcTime": "2017-12-22T19:02:58.5240000Z",
        "IoTHub": {
            "MessageId": null,
            "CorrelationId": null,
            "ConnectionDeviceId": "polar_cam_0002",
            "ConnectionDeviceGenerationId": "636494537606587154",
            "EnqueuedTime": "2017-12-22T19:02:58.7410000Z",
            "StreamId": null
        }
    },
    {
        "deviceId": "polar_cam_0003",
        "latitude": 74.996653,
        "longitude": -96.60178,
        "url": "https://streaminglabstorage.blob.core.windows.net/photos/image_26.jpg",
        "timestamp": "2017-12-22T19:02:59.000Z",
        "EventProcessedUtcTime": "2017-12-22T19:04:35.2280578Z",
        "PartitionId": 1,
        "EventEnqueuedUtcTime": "2017-12-22T19:02:59.5700000Z",
        "IoTHub": {
            "MessageId": null,
            "CorrelationId": null,
            "ConnectionDeviceId": "polar_cam_0003",
            "ConnectionDeviceGenerationId": "636494537606587154",
            "EnqueuedTime": "2017-12-22T19:02:59.6800000Z",
            "StreamId": null
        }
    },
    {
        "deviceId": "polar_cam_0007",
        "latitude": 74.763102,
        "longitude": -95.09116,
        "url": "https://streaminglabstorage.blob.core.windows.net/photos/image_19.jpg",
        "timestamp": "2017-12-22T19:03:02.000Z",
        "EventProcessedUtcTime": "2017-12-22T19:04:35.2280578Z",
        "PartitionId": 1,
        "EventEnqueuedUtcTime": "2017-12-22T19:03:02.3000000Z",
        "IoTHub": {
            "MessageId": null,
            "CorrelationId": null,
            "ConnectionDeviceId": "polar_cam_0007",
            "ConnectionDeviceGenerationId": "636494537606587154",
            "EnqueuedTime": "2017-12-22T19:03:02.2560000Z",
            "StreamId": null
        }
    },
    {
        "deviceId": "polar_cam_0005",
        "latitude": 75.044926,
        "longitude": -93.651951,
        "url": "https://streaminglabstorage.blob.core.windows.net/photos/image_28.jpg",
        "timestamp": "2017-12-22T19:03:03.000Z",
        "EventProcessedUtcTime": "2017-12-22T19:04:35.2280578Z",
        "PartitionId": 1,
        "EventEnqueuedUtcTime": "2017-12-22T19:03:02.6220000Z",
        "IoTHub": {
            "MessageId": null,
            "CorrelationId": null,
            "ConnectionDeviceId": "polar_cam_0005",
            "ConnectionDeviceGenerationId": "636494537606743495",
            "EnqueuedTime": "2017-12-22T19:03:02.7420000Z",
            "StreamId": null
        }
    },
    {
        "deviceId": "polar_cam_0006",
        "latitude": 75.601571,
        "longitude": -95.294407,
        "url": "https://streaminglabstorage.blob.core.windows.net/photos/image_08.jpg",
        "timestamp": "2017-12-22T19:03:03.000Z",
        "EventProcessedUtcTime": "2017-12-22T19:04:35.2124006Z",
        "PartitionId": 0,
        "EventEnqueuedUtcTime": "2017-12-22T19:03:02.8540000Z",
        "IoTHub": {
            "MessageId": null,
            "CorrelationId": null,
            "ConnectionDeviceId": "polar_cam_0006",
            "ConnectionDeviceGenerationId": "636494537606587154",
            "EnqueuedTime": "2017-12-22T19:03:02.9620000Z",
            "StreamId": null
        }
    },
    {
        "deviceId": "polar_cam_0009",
        "latitude": 75.232307,
        "longitude": -96.277683,
        "url": "https://streaminglabstorage.blob.core.windows.net/photos/image_28.jpg",
        "timestamp": "2017-12-22T19:03:09.000Z",
        "EventProcessedUtcTime": "2017-12-22T19:04:35.2280578Z",
        "PartitionId": 1,
        "EventEnqueuedUtcTime": "2017-12-22T19:03:08.8170000Z",
        "IoTHub": {
            "MessageId": null,
            "CorrelationId": null,
            "ConnectionDeviceId": "polar_cam_0009",
            "ConnectionDeviceGenerationId": "636494537606587154",
            "EnqueuedTime": "2017-12-22T19:03:08.2230000Z",
            "StreamId": null
        }
    },
    {
        "deviceId": "polar_cam_0001",
        "latitude": 75.401451,
        "longitude": -95.722518,
        "url": "https://streaminglabstorage.blob.core.windows.net/photos/image_17.jpg",
        "timestamp": "2017-12-22T19:03:09.000Z",
        "EventProcessedUtcTime": "2017-12-22T19:04:35.2280578Z",
        "PartitionId": 1,
        "EventEnqueuedUtcTime": "2017-12-22T19:03:08.8800000Z",
        "IoTHub": {
            "MessageId": null,
            "CorrelationId": null,
            "ConnectionDeviceId": "polar_cam_0001",
            "ConnectionDeviceGenerationId": "636494537606743495",
            "EnqueuedTime": "2017-12-22T19:03:08.2860000Z",
            "StreamId": null
        }
    },
    {
        "deviceId": "polar_cam_0003",
        "latitude": 74.996653,
        "longitude": -96.60178,
        "url": "https://streaminglabstorage.blob.core.windows.net/photos/image_14.jpg",
        "timestamp": "2017-12-22T19:03:11.000Z",
        "EventProcessedUtcTime": "2017-12-22T19:04:35.2280578Z",
        "PartitionId": 1,
        "EventEnqueuedUtcTime": "2017-12-22T19:03:11.0850000Z",
        "IoTHub": {
            "MessageId": null,
            "CorrelationId": null,
            "ConnectionDeviceId": "polar_cam_0003",
            "ConnectionDeviceGenerationId": "636494537606587154",
            "EnqueuedTime": "2017-12-22T19:03:11.1970000Z",
            "StreamId": null
        }
    },
    {
        "deviceId": "polar_cam_0006",
        "latitude": 75.601571,
        "longitude": -95.294407,
        "url": "https://streaminglabstorage.blob.core.windows.net/photos/image_04.jpg",
        "timestamp": "2017-12-22T19:03:13.000Z",
        "EventProcessedUtcTime": "2017-12-22T19:04:35.2124006Z",
        "PartitionId": 0,
        "EventEnqueuedUtcTime": "2017-12-22T19:03:13.2720000Z",
        "IoTHub": {
            "MessageId": null,
            "CorrelationId": null,
            "ConnectionDeviceId": "polar_cam_0006",
            "ConnectionDeviceGenerationId": "636494537606587154",
            "EnqueuedTime": "2017-12-22T19:03:13.3900000Z",
            "StreamId": null
        }
    }
]