{
    "IsEncrypted": false,
  "Values": {
    "AzureWebJobsStorage": "UseDevelopmentStorage=true",
    "FUNCTIONS_WORKER_RUNTIME": "dotnet",
    "VisionURL": "https://{yoursolution}.cognitiveservices.azure.com/customvision/v3.0/Prediction/{yoursubscription}/classify/iterations/{yourproject}/url",
    "VisionURLKey": "f8a36787a76a4807a0726ccac52584b2",
    "StorageConnectionString": "DefaultEndpointsProtocol=https;AccountName={youraccountname};AccountKey={youraccountkey};EndpointSuffix=core.windows.net",
    "StorageContainerName": "photos",
    "StorageAccountName": "{yourstorageaccountname}",
    "DatabaseServer": "tcp:{yourdatabaseserver}.database.windows.net",
    "DatabaseName": "{yourdatabase}",
    "DatabaseUserName": "{your_uid}",
    "DatabasePassword": "{your_pwd}"
  }
}